period,region,tax_type,accrued,paid,debt,taxpayers
2024-01,Брестская область,Акцизы,71785986.0,59616022.0,12169964.0,65216
2024-01,Брестская область,Имущественные налоги,292413017.0,226300557.0,66112460.0,302632
2024-01,Брестская область,НДС,603499695.0,527887307.0,75612388.0,199571
2024-01,Брестская область,Налог на прибыль,510438676.0,440237831.0,70200845.0,93341
2024-01,Брестская область,Подоходный налог,524766549.0,437798976.0,86967573.0,155562
2024-01,Витебская область,Акцизы,95900043.0,79536106.0,16363937.0,220164
2024-01,Витебская область,Имущественные налоги,450479218.0,328521121.0,121958097.0,31229
2024-01,Витебская область,НДС,423295241.0,347683683.0,75611558.0,229996
2024-01,Витебская область,Налог на прибыль,490264273.0,431637898.0,58626375.0,86230
2024-01,Витебская область,Подоходный налог,84450583.0,55595577.0,28855006.0,222360
2024-01,Гомельская область,Акцизы,193900065.0,173601983.0,20298082.0,57831
2024-01,Гомельская область,Имущественные налоги,163445006.0,122206099.0,41238907.0,119159
2024-01,Гомельская область,НДС,239673840.0,157257738.0,82416102.0,309613
2024-01,Гомельская область,Налог на прибыль,565820131.0,435943020.0,129877111.0,67839
2024-01,Гомельская область,Подоходный налог,474672749.0,329206143.0,145466606.0,300237
2024-01,Гродненская область,Акцизы,371273226.0,299879780.0,71393446.0,184660
2024-01,Гродненская область,Имущественные налоги,257563109.0,220165016.0,37398093.0,81322
2024-01,Гродненская область,НДС,308093723.0,265041552.0,43052171.0,118196
2024-01,Гродненская область,Налог на прибыль,79508966.0,58248928.0,21260038.0,191680
2024-01,Гродненская область,Подоходный налог,422968518.0,285937529.0,137030989.0,201131
2024-01,Минская область,Акцизы,349800140.0,248800780.0,100999360.0,69735
2024-01,Минская область,Имущественные налоги,316813277.0,246094239.0,70719038.0,146236
2024-01,Минская область,НДС,158208951.0,144300560.0,13908391.0,378748
2024-01,Минская область,Налог на прибыль,473161897.0,402701363.0,70460534.0,85785
2024-01,Минская область,Подоходный налог,522473320.0,405446962.0,117026358.0,327432
2024-01,Могилёвская область,Акцизы,265529374.0,207484055.0,58045319.0,305089
2024-01,Могилёвская область,Имущественные налоги,298208349.0,271015024.0,27193325.0,231742
2024-01,Могилёвская область,НДС,320426064.0,211877193.0,108548871.0,39528
2024-01,Могилёвская область,Налог на прибыль,344396877.0,277889193.0,66507684.0,70185
2024-01,Могилёвская область,Подоходный налог,121306435.0,82235913.0,39070522.0,135423
2024-01,г. Минск,Акцизы,226958259.0,198239055.0,28719204.0,348018
2024-01,г. Минск,Имущественные налоги,1518419682.0,1168760782.0,349658900.0,370457
2024-01,г. Минск,НДС,220503178.0,194444430.0,26058748.0,487183
2024-01,г. Минск,Налог на прибыль,822897001.0,617267768.0,205629233.0,94591
2024-01,г. Минск,Подоходный налог,361039255.0,308871870.0,52167385.0,70945
2024-02,Брестская область,Акцизы,472876436.0,406626119.0,66250317.0,140031
2024-02,Брестская область,Имущественные налоги,482182489.0,391451827.0,90730662.0,286115
2024-02,Брестская область,НДС,625010767.0,536536341.0,88474426.0,142564
2024-02,Брестская область,Налог на прибыль,156280026.0,106761862.0,49518164.0,33380
2024-02,Брестская область,Подоходный налог,431652408.0,367609519.0,64042889.0,178932
2024-02,Витебская область,Акцизы,87508893.0,63991416.0,23517477.0,60941
2024-02,Витебская область,Имущественные налоги,350428261.0,240178481.0,110249780.0,191500
2024-02,Витебская область,НДС,486849697.0,318284220.0,168565477.0,69838
2024-02,Витебская область,Налог на прибыль,234790308.0,165278155.0,69512153.0,358783
2024-02,Витебская область,Подоходный налог,154390698.0,105432601.0,48958097.0,127752
2024-02,Гомельская область,Акцизы,521405268.0,455679905.0,65725363.0,103391
2024-02,Гомельская область,Имущественные налоги,342848843.0,266116883.0,76731960.0,239029
2024-02,Гомельская область,НДС,345740306.0,251470921.0,94269385.0,358780
2024-02,Гомельская область,Налог на прибыль,96921074.0,88283721.0,8637353.0,81517
2024-02,Гомельская область,Подоходный налог,545420824.0,447885007.0,97535817.0,323060
2024-02,Гродненская область,Акцизы,85124595.0,58690580.0,26434015.0,80880
2024-02,Гродненская область,Имущественные налоги,139732937.0,121633828.0,18099109.0,354886
2024-02,Гродненская область,НДС,429053981.0,349088733.0,79965248.0,386078
2024-02,Гродненская область,Налог на прибыль,197776762.0,152792864.0,44983898.0,207056
2024-02,Гродненская область,Подоходный налог,443267821.0,332907295.0,110360526.0,387009
2024-02,Минская область,Акцизы,921200564.0,820341974.0,100858590.0,110083
2024-02,Минская область,Имущественные налоги,693395364.0,532164443.0,161230921.0,481542
2024-02,Минская область,НДС,635602954.0,508361705.0,127241249.0,272584
2024-02,Минская область,Налог на прибыль,731693971.0,526168872.0,205525099.0,425879
2024-02,Минская область,Подоходный налог,354433806.0,260731255.0,93702551.0,96135
2024-02,Могилёвская область,Акцизы,440105526.0,307635774.0,132469752.0,328842
2024-02,Могилёвская область,Имущественные налоги,351183452.0,276108185.0,75075267.0,308069
2024-02,Могилёвская область,НДС,389633555.0,350148881.0,39484674.0,225339
2024-02,Могилёвская область,Налог на прибыль,102893107.0,83303168.0,19589939.0,199677
2024-02,Могилёвская область,Подоходный налог,104453442.0,71151838.0,33301604.0,194308
2024-02,г. Минск,Акцизы,1163889647.0,790385885.0,373503762.0,354358
2024-02,г. Минск,Имущественные налоги,923496339.0,670396580.0,253099759.0,162598
2024-02,г. Минск,НДС,708310409.0,550953683.0,157356726.0,539135
2024-02,г. Минск,Налог на прибыль,1434153608.0,986507304.0,447646304.0,175108
2024-02,г. Минск,Подоходный налог,1527392643.0,1173810555.0,353582088.0,187505
2024-03,Брестская область,Акцизы,595809159.0,482780671.0,113028488.0,425840
2024-03,Брестская область,Имущественные налоги,464524381.0,419327902.0,45196479.0,284731
2024-03,Брестская область,НДС,669149940.0,580277322.0,88872618.0,359946
2024-03,Брестская область,Налог на прибыль,402599756.0,328474107.0,74125649.0,270426
2024-03,Брестская область,Подоходный налог,472843603.0,401170515.0,71673088.0,252765
2024-03,Витебская область,Акцизы,528437616.0,437347171.0,91090445.0,52270
2024-03,Витебская область,Имущественные налоги,232097070.0,209220140.0,22876930.0,183969
2024-03,Витебская область,НДС,491220395.0,352899366.0,138321029.0,322742
2024-03,Витебская область,Налог на прибыль,297063891.0,254363724.0,42700167.0,200234
2024-03,Витебская область,Подоходный налог,66039907.0,52999447.0,13040460.0,45197
2024-03,Гомельская область,Акцизы,649374011.0,488080584.0,161293427.0,283500
2024-03,Гомельская область,Имущественные налоги,351049215.0,280596491.0,70452724.0,413886
2024-03,Гомельская область,НДС,637882747.0,472085663.0,165797084.0,346792
2024-03,Гомельская область,Налог на прибыль,140200890.0,126566972.0,13633918.0,227029
2024-03,Гомельская область,Подоходный налог,536843895.0,401737382.0,135106513.0,304687
2024-03,Гродненская область,Акцизы,258001528.0,187478172.0,70523356.0,430811
2024-03,Гродненская область,Имущественные налоги,49216226.0,42372680.0,6843546.0,117662
2024-03,Гродненская область,НДС,542641904.0,477331746.0,65310158.0,395980
2024-03,Гродненская область,Налог на прибыль,374084147.0,289469299.0,84614848.0,331592
2024-03,Гродненская область,Подоходный налог,127829231.0,106768856.0,21060375.0,221880
2024-03,Минская область,Акцизы,717975854.0,530338268.0,187637586.0,425609
2024-03,Минская область,Имущественные налоги,353536041.0,258136691.0,95399350.0,196316
2024-03,Минская область,НДС,575440593.0,433867340.0,141573253.0,407124
2024-03,Минская область,Налог на прибыль,441442407.0,330607679.0,110834728.0,109876
2024-03,Минская область,Подоходный налог,245758298.0,191452316.0,54305982.0,126963
2024-03,Могилёвская область,Акцизы,367081178.0,244275133.0,122806045.0,104214
2024-03,Могилёвская область,Имущественные налоги,41669659.0,33902426.0,7767233.0,10038
2024-03,Могилёвская область,НДС,57435621.0,38735674.0,18699947.0,51756
2024-03,Могилёвская область,Налог на прибыль,413069755.0,341688261.0,71381494.0,75231
2024-03,Могилёвская область,Подоходный налог,421747454.0,290422005.0,131325449.0,19469
2024-03,г. Минск,Акцизы,1416186505.0,971970004.0,444216501.0,500881
2024-03,г. Минск,Имущественные налоги,1367900526.0,1185350080.0,182550446.0,363809
2024-03,г. Минск,НДС,631893217.0,481749610.0,150143607.0,173720
2024-03,г. Минск,Налог на прибыль,1650675332.0,1117111943.0,533563389.0,546751
2024-03,г. Минск,Подоходный налог,214676813.0,145433110.0,69243703.0,60631
2024-04,Брестская область,Акцизы,348055429.0,280032744.0,68022685.0,206016
2024-04,Брестская область,Имущественные налоги,494887035.0,326494870.0,168392165.0,246295
2024-04,Брестская область,НДС,526834268.0,359400401.0,167433867.0,161694
2024-04,Брестская область,Налог на прибыль,274400164.0,208646048.0,65754116.0,254249
2024-04,Брестская область,Подоходный налог,644514379.0,493397585.0,151116794.0,125287
2024-04,Витебская область,Акцизы,372358503.0,291712445.0,80646058.0,21739
2024-04,Витебская область,Имущественные налоги,452821089.0,357943425.0,94877664.0,108002
2024-04,Витебская область,НДС,303965178.0,251122937.0,52842241.0,270468
2024-04,Витебская область,Налог на прибыль,211178666.0,179271795.0,31906871.0,243800
2024-04,Витебская область,Подоходный налог,170537924.0,130714405.0,39823519.0,321955
2024-04,Гомельская область,Акцизы,299561274.0,257163864.0,42397410.0,186369
2024-04,Гомельская область,Имущественные налоги,215663750.0,147149876.0,68513874.0,233134
2024-04,Гомельская область,НДС,112611786.0,74887214.0,37724572.0,37974
2024-04,Гомельская область,Налог на прибыль,329642991.0,290503808.0,39139183.0,163695
2024-04,Гомельская область,Подоходный налог,180348093.0,132510980.0,47837113.0,31407
2024-04,Гродненская область,Акцизы,307647718.0,262712430.0,44935288.0,23932
2024-04,Гродненская область,Имущественные налоги,366894969.0,252508451.0,114386518.0,202947
2024-04,Гродненская область,НДС,156624392.0,118207132.0,38417260.0,338548
2024-04,Гродненская область,Налог на прибыль,131300895.0,120411575.0,10889320.0,414440
2024-04,Гродненская область,Подоходный налог,393076546.0,311227727.0,81848819.0,180140
2024-04,Минская область,Акцизы,271481959.0,187343870.0,84138089.0,302483
2024-04,Минская область,Имущественные налоги,223180554.0,179897955.0,43282599.0,453438
2024-04,Минская область,НДС,54319911.0,45714884.0,8605027.0,26071
2024-04,Минская область,Налог на прибыль,437155114.0,351713825.0,85441289.0,337124
2024-04,Минская область,Подоходный налог,301559103.0,275808169.0,25750934.0,49776
2024-04,Могилёвская область,Акцизы,340360173.0,254924414.0,85435759.0,281376
2024-04,Могилёвская область,Имущественные налоги,145358371.0,119959938.0,25398433.0,170950
2024-04,Могилёвская область,НДС,216507332.0,151306191.0,65201141.0,91261
2024-04,Могилёвская область,Налог на прибыль,179318550.0,120629586.0,58688964.0,117400
2024-04,Могилёвская область,Подоходный налог,356014272.0,259483145.0,96531127.0,82877
2024-04,г. Минск,Акцизы,776885731.0,516407665.0,260478066.0,604261
2024-04,г. Минск,Имущественные налоги,1239446184.0,896249563.0,343196621.0,464146
2024-04,г. Минск,НДС,1668822532.0,1399295363.0,269527169.0,597387
2024-04,г. Минск,Налог на прибыль,969063120.0,852586963.0,116476157.0,420541
2024-04,г. Минск,Подоходный налог,737197377.0,504043515.0,233153862.0,35221
2024-05,Брестская область,Акцизы,364879811.0,318210747.0,46669064.0,307105
2024-05,Брестская область,Имущественные налоги,163309554.0,109891195.0,53418359.0,179538
2024-05,Брестская область,НДС,103051979.0,87399769.0,15652210.0,434326
2024-05,Брестская область,Налог на прибыль,635923413.0,493185845.0,142737568.0,229805
2024-05,Брестская область,Подоходный налог,318089505.0,210274874.0,107814631.0,159117
2024-05,Витебская область,Акцизы,376051238.0,312624728.0,63426510.0,155179
2024-05,Витебская область,Имущественные налоги,253138449.0,210830812.0,42307637.0,8433
2024-05,Витебская область,НДС,64092674.0,43551371.0,20541303.0,157971
2024-05,Витебская область,Налог на прибыль,397161465.0,283305000.0,113856465.0,50600
2024-05,Витебская область,Подоходный налог,393515643.0,347739254.0,45776389.0,313309
2024-05,Гомельская область,Акцизы,273853829.0,251766589.0,22087240.0,360865
2024-05,Гомельская область,Имущественные налоги,523186150.0,381935179.0,141250971.0,298233
2024-05,Гомельская область,НДС,586727336.0,516556543.0,70170793.0,379824
2024-05,Гомельская область,Налог на прибыль,545093327.0,404633828.0,140459499.0,201573
2024-05,Гомельская область,Подоходный налог,189696764.0,137378921.0,52317843.0,215901
2024-05,Гродненская область,Акцизы,142687559.0,105280951.0,37406608.0,363596
2024-05,Гродненская область,Имущественные налоги,518346730.0,412620217.0,105726513.0,428580
2024-05,Гродненская область,НДС,396922600.0,356091436.0,40831164.0,87929
2024-05,Гродненская область,Налог на прибыль,192118092.0,142683987.0,49434105.0,184711
2024-05,Гродненская область,Подоходный налог,343777125.0,229689530.0,114087595.0,132849
2024-05,Минская область,Акцизы,576682621.0,476690266.0,99992355.0,227023
2024-05,Минская область,Имущественные налоги,440735796.0,300056500.0,140679296.0,378765
2024-05,Минская область,НДС,154401719.0,111951432.0,42450287.0,290387
2024-05,Минская область,Налог на прибыль,802445728.0,677735957.0,124709771.0,385321
2024-05,Минская область,Подоходный налог,358894369.0,293394920.0,65499449.0,293668
2024-05,Могилёвская область,Акцизы,137729759.0,118812474.0,18917285.0,297803
2024-05,Могилёвская область,Имущественные налоги,340174809.0,312474195.0,27700614.0,180536
2024-05,Могилёвская область,НДС,304069965.0,246144969.0,57924996.0,233831
2024-05,Могилёвская область,Налог на прибыль,106334745.0,85238159.0,21096586.0,108729
2024-05,Могилёвская область,Подоходный налог,273425351.0,201534426.0,71890925.0,80605
2024-05,г. Минск,Акцизы,477759328.0,368360076.0,109399252.0,25128
2024-05,г. Минск,Имущественные налоги,997351173.0,739526940.0,257824233.0,360439
2024-05,г. Минск,НДС,1002242008.0,782044004.0,220198004.0,348269
2024-05,г. Минск,Налог на прибыль,638253202.0,483546483.0,154706719.0,230425
2024-05,г. Минск,Подоходный налог,666454249.0,538843898.0,127610351.0,331369
2024-06,Брестская область,Акцизы,144581692.0,94163190.0,50418502.0,268910
2024-06,Брестская область,Имущественные налоги,101216528.0,72394363.0,28822165.0,54320
2024-06,Брестская область,НДС,548517623.0,363729555.0,184788068.0,143131
2024-06,Брестская область,Налог на прибыль,57741355.0,40467852.0,17273503.0,350318
2024-06,Брестская область,Подоходный налог,580233945.0,384573828.0,195660117.0,279369
2024-06,Витебская область,Акцизы,273611033.0,180051214.0,93559819.0,265703
2024-06,Витебская область,Имущественные налоги,480077297.0,340094457.0,139982840.0,200568
2024-06,Витебская область,НДС,336226016.0,288714958.0,47511058.0,266200
2024-06,Витебская область,Налог на прибыль,583592617.0,507464725.0,76127892.0,376607
2024-06,Витебская область,Подоходный налог,183019992.0,141420190.0,41599802.0,108724
2024-06,Гомельская область,Акцизы,57029005.0,39022992.0,18006013.0,257837
2024-06,Гомельская область,Имущественные налоги,120652219.0,78554494.0,42097725.0,419494
2024-06,Гомельская область,НДС,228236678.0,193042467.0,35194211.0,366595
2024-06,Гомельская область,Налог на прибыль,398783748.0,333836138.0,64947610.0,32276
2024-06,Гомельская область,Подоходный налог,530580083.0,472378235.0,58201848.0,62658
2024-06,Гродненская область,Акцизы,526814449.0,423070568.0,103743881.0,291087
2024-06,Гродненская область,Имущественные налоги,453573382.0,362611974.0,90961408.0,106183
2024-06,Гродненская область,НДС,523986995.0,428560500.0,95426495.0,72916
2024-06,Гродненская область,Налог на прибыль,162108177.0,115493281.0,46614896.0,16037
2024-06,Гродненская область,Подоходный налог,162389498.0,118476764.0,43912734.0,153799
2024-06,Минская область,Акцизы,439448350.0,366710752.0,72737598.0,111851
2024-06,Минская область,Имущественные налоги,437406454.0,315061291.0,122345163.0,348471
2024-06,Минская область,НДС,444930157.0,336551382.0,108378775.0,100558
2024-06,Минская область,Налог на прибыль,124837806.0,92371915.0,32465891.0,234996
2024-06,Минская область,Подоходный налог,193539216.0,170884760.0,22654456.0,8569
2024-06,Могилёвская область,Акцизы,361751610.0,306781146.0,54970464.0,246839
2024-06,Могилёвская область,Имущественные налоги,144381169.0,127333416.0,17047753.0,360168
2024-06,Могилёвская область,НДС,373950357.0,295023431.0,78926926.0,344866
2024-06,Могилёвская область,Налог на прибыль,369693610.0,255210968.0,114482642.0,172491
2024-06,Могилёвская область,Подоходный налог,54125819.0,41143719.0,12982100.0,285496
2024-06,г. Минск,Акцизы,1581819843.0,1054034076.0,527785767.0,80465
2024-06,г. Минск,Имущественные налоги,1777483979.0,1305373367.0,472110612.0,255154
2024-06,г. Минск,НДС,493724667.0,407959249.0,85765418.0,374860
2024-06,г. Минск,Налог на прибыль,1266976371.0,907709998.0,359266373.0,66035
2024-06,г. Минск,Подоходный налог,1424476974.0,939695470.0,484781504.0,343273
2024-07,Брестская область,Акцизы,512701568.0,352330699.0,160370869.0,399994
2024-07,Брестская область,Имущественные налоги,480965279.0,440484126.0,40481153.0,284594
2024-07,Брестская область,НДС,309002560.0,222496909.0,86505651.0,60497
2024-07,Брестская область,Налог на прибыль,317014330.0,231290157.0,85724173.0,147135
2024-07,Брестская область,Подоходный налог,70972159.0,58635791.0,12336368.0,263249
2024-07,Витебская область,Акцизы,371651613.0,253680821.0,117970792.0,90360
2024-07,Витебская область,Имущественные налоги,183091037.0,156580195.0,26510842.0,18165
2024-07,Витебская область,НДС,125211749.0,109981640.0,15230109.0,299246
2024-07,Витебская область,Налог на прибыль,101360067.0,86002491.0,15357576.0,287896
2024-07,Витебская область,Подоходный налог,311522546.0,223791248.0,87731298.0,197371
2024-07,Гомельская область,Акцизы,260754122.0,206786188.0,53967934.0,218928
2024-07,Гомельская область,Имущественные налоги,175203078.0,155888162.0,19314916.0,77167
2024-07,Гомельская область,НДС,519055771.0,456016035.0,63039736.0,253369
2024-07,Гомельская область,Налог на прибыль,487524854.0,386767901.0,100756953.0,283924
2024-07,Гомельская область,Подоходный налог,142389526.0,101982215.0,40407311.0,389107
2024-07,Гродненская область,Акцизы,258826826.0,181322302.0,77504524.0,362852
2024-07,Гродненская область,Имущественные налоги,551072243.0,448680203.0,102392040.0,35482
2024-07,Гродненская область,НДС,456137978.0,311966101.0,144171877.0,196572
2024-07,Гродненская область,Налог на прибыль,514262237.0,338443556.0,175818681.0,83317
2024-07,Гродненская область,Подоходный налог,97090409.0,67396837.0,29693572.0,201283
2024-07,Минская область,Акцизы,437583344.0,308305378.0,129277966.0,381108
2024-07,Минская область,Имущественные налоги,61083874.0,41336045.0,19747829.0,462334
2024-07,Минская область,НДС,313373816.0,238310695.0,75063121.0,14536
2024-07,Минская область,Налог на прибыль,327154074.0,227036848.0,100117226.0,143032
2024-07,Минская область,Подоходный налог,461289303.0,324341914.0,136947389.0,158015
2024-07,Могилёвская область,Акцизы,270998713.0,180690299.0,90308414.0,382696
2024-07,Могилёвская область,Имущественные налоги,111167057.0,91438649.0,19728408.0,323628
2024-07,Могилёвская область,НДС,315667959.0,218213944.0,97454015.0,314386
2024-07,Могилёвская область,Налог на прибыль,326510857.0,282197311.0,44313546.0,230584
2024-07,Могилёвская область,Подоходный налог,308639021.0,229148730.0,79490291.0,145579
2024-07,г. Минск,Акцизы,695488119.0,526171585.0,169316534.0,389968
2024-07,г. Минск,Имущественные налоги,415060023.0,379527005.0,35533018.0,621247
2024-07,г. Минск,НДС,1468258844.0,1248406802.0,219852042.0,419568
2024-07,г. Минск,Налог на прибыль,1365289344.0,924250191.0,441039153.0,14040
2024-07,г. Минск,Подоходный налог,1494214843.0,1013445354.0,480769489.0,505944
2024-08,Брестская область,Акцизы,431736191.0,391709526.0,40026665.0,236428
2024-08,Брестская область,Имущественные налоги,205140627.0,183762566.0,21378061.0,117384
2024-08,Брестская область,НДС,123827548.0,81148766.0,42678782.0,268426
2024-08,Брестская область,Налог на прибыль,554850076.0,401873017.0,152977059.0,262689
2024-08,Брестская область,Подоходный налог,461311400.0,407047436.0,54263964.0,84962
2024-08,Витебская область,Акцизы,222368370.0,159201377.0,63166993.0,274554
2024-08,Витебская область,Имущественные налоги,387214347.0,308620703.0,78593644.0,339252
2024-08,Витебская область,НДС,388655071.0,286257135.0,102397936.0,117024
2024-08,Витебская область,Налог на прибыль,411079879.0,316475838.0,94604041.0,378521
2024-08,Витебская область,Подоходный налог,264391252.0,173512430.0,90878822.0,159858
2024-08,Гомельская область,Акцизы,177757890.0,115902926.0,61854964.0,344432
2024-08,Гомельская область,Имущественные налоги,278433996.0,197435120.0,80998876.0,260463
2024-08,Гомельская область,НДС,483182988.0,441684912.0,41498076.0,400424
2024-08,Гомельская область,Налог на прибыль,417689292.0,304126439.0,113562853.0,99980
2024-08,Гомельская область,Подоходный налог,575745829.0,448945905.0,126799924.0,314530
2024-08,Гродненская область,Акцизы,163859177.0,135860949.0,27998228.0,106232
2024-08,Гродненская область,Имущественные налоги,187300922.0,128724306.0,58576616.0,420273
2024-08,Гродненская область,НДС,311012577.0,213774137.0,97238440.0,342186
2024-08,Гродненская область,Налог на прибыль,593890637.0,485393055.0,108497582.0,74806
2024-08,Гродненская область,Подоходный налог,331496531.0,304852354.0,26644177.0,50355
2024-08,Минская область,Акцизы,390199927.0,263293407.0,126906520.0,214457
2024-08,Минская область,Имущественные налоги,290476295.0,215660598.0,74815697.0,194496
2024-08,Минская область,НДС,244973002.0,202886357.0,42086645.0,438651
2024-08,Минская область,Налог на прибыль,767739183.0,604527215.0,163211968.0,283872
2024-08,Минская область,Подоходный налог,382758060.0,325113889.0,57644171.0,428239
2024-08,Могилёвская область,Акцизы,236162531.0,176035829.0,60126702.0,139446
2024-08,Могилёвская область,Имущественные налоги,411439398.0,318670675.0,92768723.0,68418
2024-08,Могилёвская область,НДС,377946161.0,288880788.0,89065373.0,328019
2024-08,Могилёвская область,Налог на прибыль,472599798.0,319337457.0,153262341.0,293335
2024-08,Могилёвская область,Подоходный налог,280796295.0,232001036.0,48795259.0,8659
2024-08,г. Минск,Акцизы,854089009.0,760969116.0,93119893.0,37009
2024-08,г. Минск,Имущественные налоги,961860620.0,801312036.0,160548584.0,228732
2024-08,г. Минск,НДС,1316818212.0,1080734249.0,236083963.0,85816
2024-08,г. Минск,Налог на прибыль,487154341.0,378836388.0,108317953.0,437459
2024-08,г. Минск,Подоходный налог,309928207.0,262220535.0,47707672.0,551727
2024-09,Брестская область,Акцизы,43023006.0,37589530.0,5433476.0,251528
2024-09,Брестская область,Имущественные налоги,405678417.0,295355213.0,110323204.0,103614
2024-09,Брестская область,НДС,108822531.0,94919262.0,13903269.0,36438
2024-09,Брестская область,Налог на прибыль,184892683.0,163754257.0,21138426.0,345854
2024-09,Брестская область,Подоходный налог,298951125.0,247069877.0,51881248.0,80226
2024-09,Витебская область,Акцизы,189601290.0,169032983.0,20568307.0,8205
2024-09,Витебская область,Имущественные налоги,135042121.0,112449053.0,22593068.0,118775
2024-09,Витебская область,НДС,268189675.0,217882866.0,50306809.0,17852
2024-09,Витебская область,Налог на прибыль,223810786.0,161834922.0,61975864.0,226986
2024-09,Витебская область,Подоходный налог,318303450.0,272033519.0,46269931.0,115935
2024-09,Гомельская область,Акцизы,388853914.0,290631299.0,98222615.0,324323
2024-09,Гомельская область,Имущественные налоги,267910096.0,186882654.0,81027442.0,84923
2024-09,Гомельская область,НДС,694053231.0,541361520.0,152691711.0,77073
2024-09,Гомельская область,Налог на прибыль,278442372.0,197082880.0,81359492.0,79992
2024-09,Гомельская область,Подоходный налог,581680402.0,411886807.0,169793595.0,393071
2024-09,Гродненская область,Акцизы,302898941.0,223376732.0,79522209.0,27517
2024-09,Гродненская область,Имущественные налоги,662060948.0,524376332.0,137684616.0,337736
2024-09,Гродненская область,НДС,342554413.0,279123944.0,63430469.0,140800
2024-09,Гродненская область,Налог на прибыль,49494147.0,33801118.0,15693029.0,57274
2024-09,Гродненская область,Подоходный налог,442321718.0,299431627.0,142890091.0,332161
2024-09,Минская область,Акцизы,233132447.0,159020993.0,74111454.0,329100
2024-09,Минская область,Имущественные налоги,556018874.0,416643942.0,139374932.0,183300
2024-09,Минская область,НДС,186123466.0,164238373.0,21885093.0,131003
2024-09,Минская область,Налог на прибыль,375863444.0,320659932.0,55203512.0,104749
2024-09,Минская область,Подоходный налог,657400245.0,443774184.0,213626061.0,209491
2024-09,Могилёвская область,Акцизы,253934954.0,228599289.0,25335665.0,186699
2024-09,Могилёвская область,Имущественные налоги,377201469.0,281709769.0,95491700.0,331276
2024-09,Могилёвская область,НДС,83049195.0,57801585.0,25247610.0,248959
2024-09,Могилёвская область,Налог на прибыль,285172751.0,200238680.0,84934071.0,51733
2024-09,Могилёвская область,Подоходный налог,197902172.0,149877600.0,48024572.0,200749
2024-09,г. Минск,Акцизы,1555358741.0,1284896715.0,270462026.0,499392
2024-09,г. Минск,Имущественные налоги,639938383.0,416049579.0,223888804.0,50702
2024-09,г. Минск,НДС,1340161646.0,1021873013.0,318288633.0,256794
2024-09,г. Минск,Налог на прибыль,1256577701.0,868863027.0,387714674.0,534371
2024-09,г. Минск,Подоходный налог,1168062733.0,1040882165.0,127180568.0,450356
2024-10,Брестская область,Акцизы,271960579.0,221361521.0,50599058.0,372993
2024-10,Брестская область,Имущественные налоги,498442143.0,433126276.0,65315867.0,218985
2024-10,Брестская область,НДС,815241590.0,589413378.0,225828212.0,150723
2024-10,Брестская область,Налог на прибыль,95460865.0,66885085.0,28575780.0,412629
2024-10,Брестская область,Подоходный налог,263784225.0,209669350.0,54114875.0,357724
2024-10,Витебская область,Акцизы,458308388.0,362525483.0,95782905.0,343434
2024-10,Витебская область,Имущественные налоги,422634390.0,317701955.0,104932435.0,286242
2024-10,Витебская область,НДС,283045278.0,193027752.0,90017526.0,374216
2024-10,Витебская область,Налог на прибыль,588122205.0,455907889.0,132214316.0,164456
2024-10,Витебская область,Подоходный налог,540359195.0,395556487.0,144802708.0,264093
2024-10,Гомельская область,Акцизы,514716208.0,340179952.0,174536256.0,86609
2024-10,Гомельская область,Имущественные налоги,493355929.0,325463304.0,167892625.0,99541
2024-10,Гомельская область,НДС,206947725.0,153745209.0,53202516.0,90443
2024-10,Гомельская область,Налог на прибыль,750393723.0,664308895.0,86084828.0,360463
2024-10,Гомельская область,Подоходный налог,115504901.0,100306973.0,15197928.0,161017
2024-10,Гродненская область,Акцизы,568088304.0,517176663.0,50911641.0,76175
2024-10,Гродненская область,Имущественные налоги,604359099.0,550911470.0,53447629.0,177434
2024-10,Гродненская область,НДС,362566642.0,327283835.0,35282807.0,390993
2024-10,Гродненская область,Налог на прибыль,469542196.0,377141452.0,92400744.0,215585
2024-10,Гродненская область,Подоходный налог,672959389.0,589089180.0,83870209.0,50625
2024-10,Минская область,Акцизы,490798294.0,362843909.0,127954385.0,12091
2024-10,Минская область,Имущественные налоги,273899663.0,214746298.0,59153365.0,342173
2024-10,Минская область,НДС,246526754.0,163741965.0,82784789.0,303388
2024-10,Минская область,Налог на прибыль,747837841.0,599706393.0,148131448.0,23696
2024-10,Минская область,Подоходный налог,873359642.0,704210780.0,169148862.0,167593
2024-10,Могилёвская область,Акцизы,245236132.0,165346385.0,79889747.0,299072
2024-10,Могилёвская область,Имущественные налоги,187110334.0,144679144.0,42431190.0,269701
2024-10,Могилёвская область,НДС,465469671.0,406869450.0,58600221.0,370040
2024-10,Могилёвская область,Налог на прибыль,212539584.0,189735962.0,22803622.0,235645
2024-10,Могилёвская область,Подоходный налог,312210604.0,213637137.0,98573467.0,347720
2024-10,г. Минск,Акцизы,1603483258.0,1400214926.0,203268332.0,496946
2024-10,г. Минск,Имущественные налоги,1134377845.0,803055029.0,331322816.0,444146
2024-10,г. Минск,НДС,1277660545.0,986076120.0,291584425.0,246041
2024-10,г. Минск,Налог на прибыль,2032220151.0,1372871886.0,659348265.0,201303
2024-10,г. Минск,Подоходный налог,924362728.0,739201537.0,185161191.0,274093
2024-11,Брестская область,Акцизы,216871751.0,198432126.0,18439625.0,16338
2024-11,Брестская область,Имущественные налоги,401203015.0,325013877.0,76189138.0,110051
2024-11,Брестская область,НДС,228843139.0,206622657.0,22220482.0,297045
2024-11,Брестская область,Налог на прибыль,261831265.0,204567659.0,57263606.0,215760
2024-11,Брестская область,Подоходный налог,145905736.0,115306150.0,30599586.0,20702
2024-11,Витебская область,Акцизы,296850778.0,251989126.0,44861652.0,186938
2024-11,Витебская область,Имущественные налоги,398732146.0,299107455.0,99624691.0,255753
2024-11,Витебская область,НДС,298667457.0,198998937.0,99668520.0,328820
2024-11,Витебская область,Налог на прибыль,426668353.0,317386590.0,109281763.0,182936
2024-11,Витебская область,Подоходный налог,506498093.0,387777910.0,118720183.0,198248
2024-11,Гомельская область,Акцизы,667202717.0,519863894.0,147338823.0,73194
2024-11,Гомельская область,Имущественные налоги,269314583.0,230357535.0,38957048.0,231331
2024-11,Гомельская область,НДС,450996844.0,317329312.0,133667532.0,317266
2024-11,Гомельская область,Налог на прибыль,108490294.0,76308827.0,32181467.0,378266
2024-11,Гомельская область,Подоходный налог,120093910.0,86899756.0,33194154.0,286099
2024-11,Гродненская область,Акцизы,195237411.0,166533761.0,28703650.0,157307
2024-11,Гродненская область,Имущественные налоги,254304026.0,177406559.0,76897467.0,102637
2024-11,Гродненская область,НДС,268664530.0,183864487.0,84800043.0,117453
2024-11,Гродненская область,Налог на прибыль,446545601.0,344297809.0,102247792.0,324260
2024-11,Гродненская область,Подоходный налог,543361249.0,423769197.0,119592052.0,303901
2024-11,Минская область,Акцизы,317836235.0,243902801.0,73933434.0,390262
2024-11,Минская область,Имущественные налоги,398977570.0,279028302.0,119949268.0,295970
2024-11,Минская область,НДС,587978650.0,509282163.0,78696487.0,427551
2024-11,Минская область,Налог на прибыль,165038393.0,149415411.0,15622982.0,413621
2024-11,Минская область,Подоходный налог,722089262.0,537186182.0,184903080.0,56175
2024-11,Могилёвская область,Акцизы,552709653.0,361619963.0,191089690.0,228394
2024-11,Могилёвская область,Имущественные налоги,372792829.0,333770451.0,39022378.0,197993
2024-11,Могилёвская область,НДС,143952405.0,110624812.0,33327593.0,106961
2024-11,Могилёвская область,Налог на прибыль,235134486.0,207890985.0,27243501.0,216800
2024-11,Могилёвская область,Подоходный налог,416504097.0,356549158.0,59954939.0,160846
2024-11,г. Минск,Акцизы,286141301.0,256485953.0,29655348.0,169720
2024-11,г. Минск,Имущественные налоги,1975391526.0,1365928907.0,609462619.0,528287
2024-11,г. Минск,НДС,259709027.0,234071802.0,25637225.0,457907
2024-11,г. Минск,Налог на прибыль,2007494151.0,1812301021.0,195193130.0,498346
2024-11,г. Минск,Подоходный налог,1414274345.0,997871451.0,416402894.0,168406
2024-12,Брестская область,Акцизы,177394151.0,124669749.0,52724402.0,158177
2024-12,Брестская область,Имущественные налоги,208512915.0,140546325.0,67966590.0,69069
2024-12,Брестская область,НДС,352028264.0,302555477.0,49472787.0,252325
2024-12,Брестская область,Налог на прибыль,38928080.0,25709426.0,13218654.0,94395
2024-12,Брестская область,Подоходный налог,487328334.0,344799529.0,142528805.0,290837
2024-12,Витебская область,Акцизы,188414662.0,168641169.0,19773493.0,127487
2024-12,Витебская область,Имущественные налоги,239577865.0,167716802.0,71861063.0,188428
2024-12,Витебская область,НДС,250484353.0,206250858.0,44233495.0,201548
2024-12,Витебская область,Налог на прибыль,74163047.0,63315570.0,10847477.0,94950
2024-12,Витебская область,Подоходный налог,129032510.0,97923506.0,31109004.0,423188
2024-12,Гомельская область,Акцизы,253089484.0,167961499.0,85127985.0,376976
2024-12,Гомельская область,Имущественные налоги,383118198.0,343923984.0,39194214.0,347466
2024-12,Гомельская область,НДС,456447127.0,328083539.0,128363588.0,107080
2024-12,Гомельская область,Налог на прибыль,425127103.0,294920970.0,130206133.0,174117
2024-12,Гомельская область,Подоходный налог,67235907.0,47782284.0,19453623.0,416808
2024-12,Гродненская область,Акцизы,236042896.0,190560728.0,45482168.0,203042
2024-12,Гродненская область,Имущественные налоги,138475887.0,94415332.0,44060555.0,289290
2024-12,Гродненская область,НДС,347630401.0,297290411.0,50339990.0,119537
2024-12,Гродненская область,Налог на прибыль,78755778.0,67028109.0,11727669.0,378633
2024-12,Гродненская область,Подоходный налог,137551618.0,116459624.0,21091994.0,314032
2024-12,Минская область,Акцизы,240118578.0,173231472.0,66887106.0,11032
2024-12,Минская область,Имущественные налоги,808282589.0,703131447.0,105151142.0,189684
2024-12,Минская область,НДС,271705997.0,180859804.0,90846193.0,287322
2024-12,Минская область,Налог на прибыль,262916798.0,189687151.0,73229647.0,394282
2024-12,Минская область,Подоходный налог,775493851.0,646730044.0,128763807.0,291549
2024-12,Могилёвская область,Акцизы,168795274.0,149619378.0,19175896.0,41280
2024-12,Могилёвская область,Имущественные налоги,256476705.0,199529089.0,56947616.0,155322
2024-12,Могилёвская область,НДС,475232545.0,340559134.0,134673411.0,321775
2024-12,Могилёвская область,Налог на прибыль,320657806.0,287893697.0,32764109.0,409605
2024-12,Могилёвская область,Подоходный налог,196385948.0,137647532.0,58738416.0,281428
2024-12,г. Минск,Акцизы,1044494281.0,836003280.0,208491001.0,349810
2024-12,г. Минск,Имущественные налоги,1937778670.0,1399818327.0,537960343.0,540813
2024-12,г. Минск,НДС,1146975584.0,921486131.0,225489453.0,493621
2024-12,г. Минск,Налог на прибыль,1505153206.0,1333093490.0,172059716.0,78468
2024-12,г. Минск,Подоходный налог,1516860371.0,1078181272.0,438679099.0,136602
